{
	"credit": "Made with Blockbench, a free, modern block model editor by JannisX11",
	"textures": {
		"0": "blocks/obsidian",
		"2": "blocks/beacon",
		"3": "blocks/beacon_glass",
		"particle": "blocks/obsidian"
	},
	"elements": [
		{
			"name": "cube",
			"from": [5, 6, 5],
			"to": [11, 12, 11],
			"faces": {
				"north": {"uv": [5, 5, 11, 11], "texture": "#2"},
				"east": {"uv": [5, 5, 11, 11], "texture": "#2"},
				"south": {"uv": [5, 5, 11, 11], "texture": "#2"},
				"west": {"uv": [5, 5, 11, 11], "texture": "#2"},
				"up": {"uv": [5, 5, 11, 11], "texture": "#2"},
				"down": {"uv": [5, 5, 11, 11], "texture": "#2"}
			},
			"type": "cube"
		},
		{
			"name": "cube",
			"from": [1, 2, 1],
			"to": [15, 16, 15],
			"faces": {
				"north": {"uv": [1, 1, 15, 15], "texture": "#3"},
				"east": {"uv": [1, 1, 15, 15], "texture": "#3"},
				"south": {"uv": [1, 1, 15, 15], "texture": "#3"},
				"west": {"uv": [1, 1, 15, 15], "texture": "#3"},
				"up": {"uv": [1, 1, 15, 15], "texture": "#3"},
				"down": {"uv": [1, 1, 15, 15], "texture": "#3"}
			},
			"type": "cube"
		},
		{
			"name": "cube",
			"from": [2, 1, 2],
			"to": [14, 2, 14],
			"faces": {
				"north": {"uv": [2, 14, 14, 15], "texture": "#0"},
				"east": {"uv": [2, 14, 14, 15], "texture": "#0"},
				"south": {"uv": [2, 14, 14, 15], "texture": "#0"},
				"west": {"uv": [2, 14, 14, 15], "texture": "#0"},
				"up": {"uv": [2, 2, 14, 14], "texture": "#0"},
				"down": {"uv": [0, 0, 14, 14], "texture": "#1"}
			},
			"type": "cube"
		},
		{
			"name": "cube",
			"from": [1, 0, 1],
			"to": [15, 1, 15],
			"faces": {
				"north": {"uv": [1, 15, 15, 16], "texture": "#0"},
				"east": {"uv": [1, 15, 15, 16], "texture": "#0"},
				"south": {"uv": [1, 15, 15, 16], "texture": "#0"},
				"west": {"uv": [1, 15, 15, 16], "texture": "#0"},
				"up": {"uv": [1, 1, 15, 15], "texture": "#0"},
				"down": {"uv": [1, 1, 15, 15], "texture": "#0"}
			},
			"type": "cube"
		}
	],
	"display": {
		"thirdperson_righthand": {
			"scale": [0.375, 0.375, 0.375],
			"rotation": [75, 45, 0],
			"translation": [0, 2.5, 0]
		},
		"thirdperson_lefthand": {
			"scale": [0.375, 0.375, 0.375],
			"rotation": [75, 45, 0],
			"translation": [0, 2.5, 0]
		},
		"firstperson_righthand": {
			"scale": [0.4, 0.4, 0.4],
			"rotation": [0, 45, 0],
			"translation": [0, 0, 0]
		},
		"firstperson_lefthand": {
			"scale": [0.4, 0.4, 0.4],
			"rotation": [0, 225, 0],
			"translation": [0, 0, 0]
		},
		"ground": {
			"scale": [0.25, 0.25, 0.25],
			"rotation": [0, 0, 0],
			"translation": [0, 3, 0]
		},
		"fixed": {
			"scale": [0.5, 0.5, 0.5],
			"rotation": [0, 0, 0],
			"translation": [0, 0, 0]
		},
		"gui": {
			"scale": [0.625, 0.625, 0.625],
			"rotation": [30, 225, 0],
			"translation": [0, 0, 0]
		}
	}
}