{
	"credit": "Made with Blockbench, a free, modern block model editor by JannisX11",
	"textures": {
		"bars": "blocks/iron_bars",
		"particle": "blocks/iron_bars"
	},
	"elements": [
		{
			"name": "cube",
			"from": [7, 0, 7],
			"to": [9, 16, 9],
			"faces": {
				"north": {
					"uv": [12, 0, 14, 16],
					"texture": "#bars"
				},
				"east": {"uv": [2, 0, 4, 16], "texture": "#bars"},
				"south": {"uv": [7, 0, 9, 16], "texture": "#bars"},
				"west": {"uv": [2, 0, 4, 16], "texture": "#bars"},
				"up": {"uv": [12, 7, 14, 9], "texture": "#bars"},
				"down": {"uv": [7, 12, 9, 14], "texture": "#bars"}
			},
			"type": "cube"
		}
	]
}