{
	"credit": "Made with Blockbench, a free, modern block model editor by JannisX11",
	"ambientocclusion": false,
	"elements": [
		{
			"name": "cube",
			"from": [7, 0, 8],
			"to": [8, 1, 9],
			"faces": {
				"north": {
					"uv": [0, 0, 16, 16],
					"texture": "#missing"
				},
				"east": {"uv": [0, 0, 1, 1], "texture": "#missing"},
				"south": {
					"uv": [0, 0, 1, 1],
					"texture": "#missing"
				},
				"west": {"uv": [0, 0, 1, 1], "texture": "#missing"},
				"up": {"uv": [0, 0, 1, 1], "texture": "#missing"},
				"down": {"uv": [0, 0, 1, 1], "texture": "#missing"}
			},
			"type": "cube"
		},
		{
			"name": "cube",
			"from": [8, 0, 8],
			"to": [9, 1, 9],
			"faces": {
				"north": {
					"uv": [0, 0, 1, 1],
					"texture": "#missing"
				},
				"east": {"uv": [0, 0, 1, 1], "texture": "#missing"},
				"south": {
					"uv": [0, 0, 1, 1],
					"texture": "#missing"
				},
				"west": {"uv": [0, 0, 1, 1], "texture": "#missing"},
				"up": {"uv": [0, 0, 1, 1], "texture": "#missing"},
				"down": {"uv": [0, 0, 1, 1], "texture": "#missing"}
			},
			"type": "cube"
		},
		{
			"name": "cube",
			"from": [8, 0, 7],
			"to": [9, 1, 8],
			"faces": {
				"north": {
					"uv": [0, 0, 1, 1],
					"texture": "#missing"
				},
				"east": {"uv": [0, 0, 1, 1], "texture": "#missing"},
				"south": {
					"uv": [0, 0, 1, 1],
					"texture": "#missing"
				},
				"west": {"uv": [0, 0, 1, 1], "texture": "#missing"},
				"up": {"uv": [0, 0, 1, 1], "texture": "#missing"},
				"down": {"uv": [0, 0, 1, 1], "texture": "#missing"}
			},
			"type": "cube"
		},
		{
			"name": "cube",
			"from": [7, 0, 7],
			"to": [8, 1, 8],
			"faces": {
				"north": {
					"uv": [0, 0, 1, 1],
					"texture": "#missing"
				},
				"east": {"uv": [0, 0, 1, 1], "texture": "#missing"},
				"south": {
					"uv": [0, 0, 1, 1],
					"texture": "#missing"
				},
				"west": {"uv": [0, 0, 1, 1], "texture": "#missing"},
				"up": {"uv": [0, 0, 1, 1], "texture": "#missing"},
				"down": {"uv": [0, 0, 1, 1], "texture": "#missing"}
			},
			"type": "cube"
		}
	]
}