{
    "parent": "block/cauldron_empty",
    "display": {
		"thirdperson_lefthand": {
			"translation": [0,3,0],
			"scale": [0.35,0.35,0.35],
			"rotation": [70,45,0]
		},
		"thirdperson_righthand":{
			"translation": [0,3,0],
			"scale": [0.35,0.35,0.35],
			"rotation": [70,45,0]
		},
		"firstperson_lefthand": {
			"translation": [0,0,0],
			"scale": [0.4,0.4,0.4],
			"rotation": [0,45,0]
		},
		"firstperson_righthand": {
			"translation": [0,0,0],
			"scale": [0.4,0.4,0.4],
			"rotation": [0,45,0]
		},
		"ground":{
			"scale": [0.3,0.3,0.3],
			"translation": [0,3,0]
		},
		"gui":{
			"rotation":[30,-45,0],
			"translation": [0,0,0],
			"scale":[0.6,0.6,0.6]
		}
    }
}
