{
	"credit": "Made with Blockbench, a free, modern block model editor by JannisX11",
	"ambientocclusion": false,
	"textures": {
		"0": "items/ender_eye",
		"particle": "items/ender_eye"
	},
	"elements": [
		{
			"name": "ender_eye_0",
			"from": [7, 2, 15],
			"to": [10, 15, 16],
			"faces": {
				"north": {
					"uv": [7, 2, 10, 15],
					"texture": "#0",
					"rotation": 180
				},
				"east": {
					"uv": [9, 2, 10, 15],
					"texture": "#0",
					"rotation": 180
				},
				"south": {"uv": [7, 15, 10, 2], "texture": "#0"},
				"west": {
					"uv": [7, 2, 8, 15],
					"texture": "#0",
					"rotation": 180
				},
				"up": {"uv": [7, 14, 10, 15], "texture": "#0"},
				"down": {
					"uv": [10, 2, 7, 3],
					"texture": "#0",
					"rotation": 180
				}
			},
			"rotation": {
				"origin": [8, 8, 8],
				"axis": "x",
				"angle": 0
			},
			"type": "cube"
		},
		{
			"name": "ender_eye_1",
			"from": [5, 3, 15],
			"to": [7, 14, 16],
			"faces": {
				"north": {
					"uv": [5, 3, 7, 14],
					"texture": "#0",
					"rotation": 180
				},
				"east": {
					"uv": [6, 3, 7, 14],
					"texture": "#0",
					"rotation": 180
				},
				"south": {"uv": [5, 14, 7, 3], "texture": "#0"},
				"west": {
					"uv": [5, 3, 6, 14],
					"texture": "#0",
					"rotation": 180
				},
				"up": {"uv": [5, 13, 7, 14], "texture": "#0"},
				"down": {
					"uv": [7, 3, 5, 4],
					"texture": "#0",
					"rotation": 180
				}
			},
			"rotation": {
				"origin": [8, 8, 8],
				"axis": "x",
				"angle": 0
			},
			"type": "cube"
		},
		{
			"name": "ender_eye_2",
			"from": [10, 3, 15],
			"to": [12, 14, 16],
			"faces": {
				"north": {
					"uv": [10, 3, 12, 14],
					"texture": "#0",
					"rotation": 180
				},
				"east": {
					"uv": [11, 3, 12, 14],
					"texture": "#0",
					"rotation": 180
				},
				"south": {"uv": [10, 14, 12, 3], "texture": "#0"},
				"west": {
					"uv": [10, 3, 11, 14],
					"texture": "#0",
					"rotation": 180
				},
				"up": {"uv": [10, 13, 12, 14], "texture": "#0"},
				"down": {
					"uv": [12, 3, 10, 4],
					"texture": "#0",
					"rotation": 180
				}
			},
			"rotation": {
				"origin": [8, 8, 8],
				"axis": "x",
				"angle": 0
			},
			"type": "cube"
		},
		{
			"name": "ender_eye_3",
			"from": [4, 4, 15],
			"to": [5, 13, 16],
			"faces": {
				"north": {
					"uv": [4, 4, 5, 13],
					"texture": "#0",
					"rotation": 180
				},
				"east": {
					"uv": [4, 4, 5, 13],
					"texture": "#0",
					"rotation": 180
				},
				"south": {"uv": [4, 13, 5, 4], "texture": "#0"},
				"west": {
					"uv": [4, 4, 5, 13],
					"texture": "#0",
					"rotation": 180
				},
				"up": {"uv": [4, 12, 5, 13], "texture": "#0"},
				"down": {
					"uv": [5, 4, 4, 5],
					"texture": "#0",
					"rotation": 180
				}
			},
			"rotation": {
				"origin": [8, 8, 8],
				"axis": "x",
				"angle": 0
			},
			"type": "cube"
		},
		{
			"name": "ender_eye_4",
			"from": [12, 4, 15],
			"to": [13, 13, 16],
			"faces": {
				"north": {
					"uv": [12, 4, 13, 13],
					"texture": "#0",
					"rotation": 180
				},
				"east": {
					"uv": [12, 4, 13, 13],
					"texture": "#0",
					"rotation": 180
				},
				"south": {"uv": [12, 13, 13, 4], "texture": "#0"},
				"west": {
					"uv": [12, 4, 13, 13],
					"texture": "#0",
					"rotation": 180
				},
				"up": {"uv": [12, 12, 13, 13], "texture": "#0"},
				"down": {
					"uv": [13, 4, 12, 5],
					"texture": "#0",
					"rotation": 180
				}
			},
			"rotation": {
				"origin": [8, 8, 8],
				"axis": "x",
				"angle": 0
			},
			"type": "cube"
		},
		{
			"name": "ender_eye_5",
			"from": [3, 5, 15],
			"to": [4, 12, 16],
			"faces": {
				"north": {
					"uv": [3, 5, 4, 12],
					"texture": "#0",
					"rotation": 180
				},
				"east": {
					"uv": [3, 5, 4, 12],
					"texture": "#0",
					"rotation": 180
				},
				"south": {"uv": [3, 12, 4, 5], "texture": "#0"},
				"west": {
					"uv": [3, 5, 4, 12],
					"texture": "#0",
					"rotation": 180
				},
				"up": {"uv": [3, 11, 4, 12], "texture": "#0"},
				"down": {
					"uv": [4, 5, 3, 6],
					"texture": "#0",
					"rotation": 180
				}
			},
			"rotation": {
				"origin": [8, 8, 8],
				"axis": "x",
				"angle": 0
			},
			"type": "cube"
		},
		{
			"name": "ender_eye_6",
			"from": [13, 5, 15],
			"to": [14, 12, 16],
			"faces": {
				"north": {
					"uv": [13, 5, 14, 12],
					"texture": "#0",
					"rotation": 180
				},
				"east": {
					"uv": [13, 5, 14, 12],
					"texture": "#0",
					"rotation": 180
				},
				"south": {"uv": [13, 12, 14, 5], "texture": "#0"},
				"west": {
					"uv": [13, 5, 14, 12],
					"texture": "#0",
					"rotation": 180
				},
				"up": {"uv": [13, 11, 14, 12], "texture": "#0"},
				"down": {
					"uv": [14, 5, 13, 6],
					"texture": "#0",
					"rotation": 180
				}
			},
			"rotation": {
				"origin": [8, 8, 8],
				"axis": "x",
				"angle": 0
			},
			"type": "cube"
		},
		{
			"name": "ender_eye_7",
			"from": [2, 7, 15],
			"to": [3, 10, 16],
			"faces": {
				"north": {
					"uv": [2, 7, 3, 10],
					"texture": "#0",
					"rotation": 180
				},
				"east": {
					"uv": [2, 7, 3, 10],
					"texture": "#0",
					"rotation": 180
				},
				"south": {"uv": [2, 10, 3, 7], "texture": "#0"},
				"west": {
					"uv": [2, 7, 3, 10],
					"texture": "#0",
					"rotation": 180
				},
				"up": {"uv": [2, 9, 3, 10], "texture": "#0"},
				"down": {
					"uv": [3, 7, 2, 8],
					"texture": "#0",
					"rotation": 180
				}
			},
			"rotation": {
				"origin": [8, 8, 8],
				"axis": "x",
				"angle": 0
			},
			"type": "cube"
		},
		{
			"name": "ender_eye_8",
			"from": [14, 7, 15],
			"to": [15, 10, 16],
			"faces": {
				"north": {
					"uv": [14, 7, 15, 10],
					"texture": "#0",
					"rotation": 180
				},
				"east": {
					"uv": [14, 7, 15, 10],
					"texture": "#0",
					"rotation": 180
				},
				"south": {"uv": [14, 10, 15, 7], "texture": "#0"},
				"west": {
					"uv": [14, 7, 15, 10],
					"texture": "#0",
					"rotation": 180
				},
				"up": {"uv": [14, 9, 15, 10], "texture": "#0"},
				"down": {
					"uv": [15, 7, 14, 8],
					"texture": "#0",
					"rotation": 180
				}
			},
			"rotation": {
				"origin": [8, 8, 8],
				"axis": "x",
				"angle": 0
			},
			"type": "cube"
		}
	],
	"groups": [
		{
			"name": "ender_eye",
			"isOpen": true,
			"display": {"visibility": true, "autouv": true},
			"children": [0, 1, 2, 3, 4, 5, 6, 7, 8]
		}
	],
	"display": {
		"thirdperson_righthand": {
			"scale": [0.55, 0.55, 0.55],
			"rotation": [0, -180, 0],
			"translation": [0, 2.5, 4]
		},
		"head": {
			"scale": [1, 1, 1],
			"rotation": [0, 180, 0],
			"translation": [0.5, -0.5, 0.5]
		},
		"thirdperson_lefthand": {
			"scale": [0.55, 0.55, 0.55],
			"rotation": [0, 0, 0],
			"translation": [0, 3, -4]
		},
		"firstperson_righthand": {
			"scale": [0.68, 0.68, 0.68],
			"rotation": [-41, 89, 25],
			"translation": [1.13, 3.2, 0]
		},
		"firstperson_lefthand": {
			"scale": [0.68, 0.68, 0.68],
			"rotation": [0, 90, -25],
			"translation": [1.13, 3.2, 0]
		},
		"ground": {
			"scale": [0.5, 0.5, 0.5],
			"translation": [0.5, -1, -3.5],
			"rotation": [0, 0, 0]
		},
		"fixed": {
			"scale": [1, 1, 1],
			"translation": [-1, -0.5, -8]
		},
		"gui": {
			"scale": [1, 1, 1],
			"translation": [-0.5, -0.5, 0]
		}
	}
}