{
	"credit": "Made with Blockbench, a free, modern block model editor by JannisX11",
	"ambientocclusion": false,
	"textures": {
		"0": "items/bucket_empty",
		"2": "items/bucket_milk",
		"particle": "items/bucket_empty"
	},
	"elements": [
		{
			"name": "bucket_empty_9",
			"from": [11, 2, 0],
			"to": [12, 4, 1],
			"faces": {
				"north": {
					"uv": [11, 14, 12, 12],
					"texture": "#0",
					"rotation": 180
				},
				"east": {"uv": [11, 12, 12, 14], "texture": "#0"},
				"south": {"uv": [11, 12, 12, 14], "texture": "#0"},
				"west": {"uv": [11, 12, 12, 14], "texture": "#0"},
				"up": {
					"uv": [12, 12, 11, 13],
					"texture": "#0",
					"rotation": 180
				},
				"down": {"uv": [11, 13, 12, 14], "texture": "#0"}
			},
			"rotation": {
				"origin": [8, 8, 8],
				"axis": "x",
				"angle": 0
			},
			"type": "cube"
		},
		{
			"name": "bucket_empty_8",
			"from": [4, 2, 0],
			"to": [5, 4, 1],
			"faces": {
				"north": {
					"uv": [4, 14, 5, 12],
					"texture": "#0",
					"rotation": 180
				},
				"east": {"uv": [4, 12, 5, 14], "texture": "#0"},
				"south": {"uv": [4, 12, 5, 14], "texture": "#0"},
				"west": {"uv": [4, 12, 5, 14], "texture": "#0"},
				"up": {
					"uv": [5, 12, 4, 13],
					"texture": "#0",
					"rotation": 180
				},
				"down": {"uv": [4, 13, 5, 14], "texture": "#0"}
			},
			"rotation": {
				"origin": [8, 8, 8],
				"axis": "x",
				"angle": 0
			},
			"type": "cube"
		},
		{
			"name": "bucket_empty_7",
			"from": [11, 4, 0],
			"to": [13, 12, 1],
			"faces": {
				"north": {
					"uv": [11, 12, 13, 4],
					"texture": "#2",
					"rotation": 180
				},
				"east": {"uv": [12, 4, 13, 12], "texture": "#0"},
				"south": {"uv": [11, 4, 13, 12], "texture": "#2"},
				"west": {"uv": [11, 4, 12, 12], "texture": "#0"},
				"up": {
					"uv": [13, 4, 11, 5],
					"texture": "#0",
					"rotation": 180
				},
				"down": {"uv": [11, 11, 13, 12], "texture": "#0"}
			},
			"rotation": {
				"origin": [8, 8, 8],
				"axis": "x",
				"angle": 0
			},
			"type": "cube"
		},
		{
			"name": "bucket_empty_6",
			"from": [3, 4, 0],
			"to": [5, 12, 1],
			"faces": {
				"north": {
					"uv": [3, 12, 5, 4],
					"texture": "#2",
					"rotation": 180
				},
				"east": {"uv": [4, 4, 5, 12], "texture": "#0"},
				"south": {"uv": [3, 4, 5, 12], "texture": "#2"},
				"west": {"uv": [3, 4, 4, 12], "texture": "#0"},
				"up": {
					"uv": [5, 4, 3, 5],
					"texture": "#0",
					"rotation": 180
				},
				"down": {"uv": [3, 11, 5, 12], "texture": "#0"}
			},
			"rotation": {
				"origin": [8, 8, 8],
				"axis": "x",
				"angle": 0
			},
			"type": "cube"
		},
		{
			"name": "bucket_empty_5",
			"from": [13, 6, 0],
			"to": [14, 13, 1],
			"faces": {
				"north": {
					"uv": [13, 10, 14, 3],
					"texture": "#0",
					"rotation": 180
				},
				"east": {"uv": [13, 3, 14, 10], "texture": "#0"},
				"south": {"uv": [13, 3, 14, 10], "texture": "#0"},
				"west": {"uv": [13, 3, 14, 10], "texture": "#0"},
				"up": {
					"uv": [14, 3, 13, 4],
					"texture": "#0",
					"rotation": 180
				},
				"down": {"uv": [13, 9, 14, 10], "texture": "#0"}
			},
			"rotation": {
				"origin": [8, 8, 8],
				"axis": "x",
				"angle": 0
			},
			"type": "cube"
		},
		{
			"name": "bucket_empty_4",
			"from": [5, 1, 0],
			"to": [11, 13, 1],
			"faces": {
				"north": {
					"uv": [5, 15, 11, 3],
					"texture": "#2",
					"rotation": 180
				},
				"east": {"uv": [10, 3, 11, 15], "texture": "#0"},
				"south": {"uv": [5, 3, 11, 15], "texture": "#2"},
				"west": {"uv": [5, 3, 6, 15], "texture": "#0"},
				"up": {
					"uv": [11, 3, 5, 4],
					"texture": "#0",
					"rotation": 180
				},
				"down": {"uv": [5, 14, 11, 15], "texture": "#0"}
			},
			"rotation": {
				"origin": [8, 8, 8],
				"axis": "x",
				"angle": 0
			},
			"type": "cube"
		},
		{
			"name": "bucket_empty_3",
			"from": [2, 6, 0],
			"to": [3, 13, 1],
			"faces": {
				"north": {
					"uv": [2, 10, 3, 3],
					"texture": "#0",
					"rotation": 180
				},
				"east": {"uv": [2, 3, 3, 10], "texture": "#0"},
				"south": {"uv": [2, 3, 3, 10], "texture": "#0"},
				"west": {"uv": [2, 3, 3, 10], "texture": "#0"},
				"up": {
					"uv": [3, 3, 2, 4],
					"texture": "#0",
					"rotation": 180
				},
				"down": {"uv": [2, 9, 3, 10], "texture": "#0"}
			},
			"rotation": {
				"origin": [8, 8, 8],
				"axis": "x",
				"angle": 0
			},
			"type": "cube"
		},
		{
			"name": "bucket_empty_2",
			"from": [12, 13, 0],
			"to": [13, 14, 1],
			"faces": {
				"north": {
					"uv": [12, 3, 13, 2],
					"texture": "#0",
					"rotation": 180
				},
				"east": {"uv": [12, 2, 13, 3], "texture": "#0"},
				"south": {"uv": [12, 2, 13, 3], "texture": "#0"},
				"west": {"uv": [12, 2, 13, 3], "texture": "#0"},
				"up": {
					"uv": [13, 2, 12, 3],
					"texture": "#0",
					"rotation": 180
				},
				"down": {"uv": [12, 2, 13, 3], "texture": "#0"}
			},
			"rotation": {
				"origin": [8, 8, 8],
				"axis": "x",
				"angle": 0
			},
			"type": "cube"
		},
		{
			"name": "bucket_empty_1",
			"from": [3, 13, 0],
			"to": [4, 14, 1],
			"faces": {
				"north": {
					"uv": [3, 3, 4, 2],
					"texture": "#0",
					"rotation": 180
				},
				"east": {"uv": [3, 2, 4, 3], "texture": "#0"},
				"south": {"uv": [3, 2, 4, 3], "texture": "#0"},
				"west": {"uv": [3, 2, 4, 3], "texture": "#0"},
				"up": {
					"uv": [4, 2, 3, 3],
					"texture": "#0",
					"rotation": 180
				},
				"down": {"uv": [3, 2, 4, 3], "texture": "#0"}
			},
			"rotation": {
				"origin": [8, 8, 8],
				"axis": "x",
				"angle": 0
			},
			"type": "cube"
		},
		{
			"name": "bucket_empty_0",
			"from": [4, 14, 0],
			"to": [12, 15, 1],
			"faces": {
				"north": {
					"uv": [4, 2, 12, 1],
					"texture": "#0",
					"rotation": 180
				},
				"east": {"uv": [11, 1, 12, 2], "texture": "#0"},
				"south": {"uv": [4, 1, 12, 2], "texture": "#0"},
				"west": {"uv": [4, 1, 5, 2], "texture": "#0"},
				"up": {
					"uv": [12, 1, 4, 2],
					"texture": "#0",
					"rotation": 180
				},
				"down": {"uv": [4, 1, 12, 2], "texture": "#0"}
			},
			"rotation": {
				"origin": [8, 8, 8],
				"axis": "x",
				"angle": 0
			},
			"type": "cube"
		}
	],
	"display": {
		"thirdperson_righthand": {
			"scale": [0.55, 0.55, 0.55],
			"rotation": [68.5, 0, 0],
			"translation": [0, -7, -2.1]
		},
		"thirdperson_lefthand": {
			"scale": [0.55, 0.55, 0.55],
			"translation": [0, -7, -2.1],
			"rotation": [68.5, 0, 0]
		},
		"firstperson_righthand": {
			"scale": [0.68, 0.68, 0.68],
			"rotation": [0, -90, 25],
			"translation": [1.13, 3.2, 0]
		},
		"firstperson_lefthand": {
			"scale": [0.68, 0.68, 0.68],
			"rotation": [0, -90, 25],
			"translation": [1.13, 3.2, 0]
		},
		"head": {
			"scale": [1, 1, 1],
			"rotation": [0, 180, 0],
			"translation": [0, 13.5, -2]
		},
		"ground": {
			"scale": [0.5, 0.5, 0.5],
			"rotation": [0, 0, 0],
			"translation": [0, 2, 3]
		},
		"fixed": {
			"scale": [1, 1, 1],
			"rotation": [0, 180, 0],
			"translation": [0, 0, -8]
		}
	}
}