{
	"credit": "Made with Blockbench, a free, modern block model editor by JannisX11",
	"textures": {
		"1": "items/chest_nose",
		"2": "items/normal_chest_bottom",
		"3": "items/normal_chest_side",
		"4": "items/normal_chest_top",
		"6": "items/trapped_chest_nose"
	},
	"elements": [
		{
			"name": "cube",
			"from": [1, 0, 1],
			"to": [15, 14, 15],
			"faces": {
				"north": {
					"uv": [0, 0, 16, 15.99921875],
					"texture": "#3"
				},
				"east": {
					"uv": [0, -0.00078125, 16, 15.998437500000001],
					"texture": "#3"
				},
				"south": {
					"uv": [0, -0.00078125, 16, 15.998437500000001],
					"texture": "#3"
				},
				"west": {
					"uv": [0, -0.00078125, 16, 15.998437500000001],
					"texture": "#3"
				},
				"up": {"uv": [0, 0, 16, 16], "texture": "#4"},
				"down": {"uv": [0, 0, 16, 16], "texture": "#2"}
			},
			"type": "cube"
		},
		{
			"name": "cube",
			"from": [7, 7, 0],
			"to": [9, 11, 1],
			"faces": {
				"north": {
					"uv": [
						2.7,
						2.6999999999999993,
						8,
						13.299999999999999
					],
					"texture": "#6"
				},
				"east": {
					"uv": [11, 2.7, 13, 13.3],
					"texture": "#6"
				},
				"south": {"uv": [2, 2, 4, 6], "texture": "#1"},
				"west": {"uv": [0, 2.7, 2, 13.3], "texture": "#6"},
				"up": {
					"uv": [2.7, 0, 8, 2],
					"texture": "#6",
					"rotation": 180
				},
				"down": {
					"uv": [2.7, 0, 8, 2],
					"texture": "#6",
					"rotation": 180
				}
			},
			"type": "cube"
		}
	],
	"display": {
		"thirdperson_righthand": {
			"scale": [0.375, 0.375, 0.375],
			"rotation": [75, 45, 0],
			"translation": [0, 2.5, 0]
		},
		"thirdperson_lefthand": {
			"scale": [0.55, 0.55, 0.55],
			"rotation": [0, 0, 0],
			"translation": [0, 3, 1]
		},
		"firstperson_righthand": {
			"scale": [0.4, 0.4, 0.4],
			"rotation": [0, 45, 0],
			"translation": [0, 0, 0]
		},
		"firstperson_lefthand": {
			"scale": [0.4, 0.4, 0.4],
			"rotation": [0, 225, 0],
			"translation": [0, 0, 0]
		},
		"head": {
			"scale": [1, 1, 1],
			"translation": [0, 14.5, 0]
		},
		"ground": {
			"scale": [0.25, 0.25, 0.25],
			"rotation": [0, 0, 0],
			"translation": [0, 3, 0]
		},
		"fixed": {
			"scale": [0.5, 0.5, 0.5],
			"rotation": [0, 0, 0],
			"translation": [0, 0, 0]
		},
		"gui": {
			"scale": [0.625, 0.625, 0.625],
			"rotation": [30, 225, 0],
			"translation": [0, 0, 0]
		}
	}
}